{
  "experiment": "Yelp-Only Baseline",
  "data_split": {
    "train": 35000,
    "validation": 7500,
    "test": 7500
  },
  "validation_metrics": {
    "precision": 0.4875051208521098,
    "recall": 0.7922769640479361,
    "f1": 0.6036013187927973,
    "roc_auc": 0.8741636137922584,
    "true_negative": 4747,
    "false_positive": 1251,
    "false_negative": 312,
    "true_positive": 1190,
    "accuracy": 0.7916
  },
  "test_metrics": {
    "precision": 0.47686832740213525,
    "recall": 0.8029294274300932,
    "f1": 0.5983626891590176,
    "roc_auc": 0.8749577089389318,
    "true_negative": 4675,
    "false_positive": 1323,
    "false_negative": 296,
    "true_positive": 1206,
    "accuracy": 0.7841333333333333
  }
}